{"assets":{"477A66B0286CDB27B1BCB98B89D4E062":{"type":"texture","index":1,"assetRequest":{"type":"slide","state":"contents","slide":"none"},"url":{"native":"assets/2B0FD19D-CB5B-4325-AEAB-B0D9E02A89FD.pdf"},"width":1024,"height":768},"D18C41BBAE51A3B2109CBC91B4A52C15":{"type":"texture","index":0,"assetRequest":{"type":"slide","state":"contents","slide":"none"},"url":{"native":"assets/2B0FD19D-CB5B-4325-AEAB-B0D9E02A89FD.pdf"},"width":1024,"height":768}},"events":[{"effects":[{"beginTime":0,"baseLayer":{"animations":[],"initialState":{"affineTransform":[1,0,0,1,0,0],"masksToBounds":false,"rotation":0,"scale":1,"position":{"pointX":512,"pointY":384},"width":1024,"sublayerTransform":[1,0,0,0,0,1,0,0,0,0,1,0,0,0,0,1],"contentsRect":{"y":0,"x":0,"width":1,"height":1},"opacity":1,"edgeAntialiasingMask":251658240,"height":768,"hidden":false,"anchorPoint":{"pointX":0.5,"pointY":0.5}},"objectID":"0","layers":[{"animations":[],"initialState":{"affineTransform":[1,0,0,1,0,0],"masksToBounds":false,"rotation":0,"scale":1,"position":{"pointX":512,"pointY":384},"width":1024,"sublayerTransform":[1,0,0,0,0,1,0,0,0,0,1,-0.0004922987690640373,0,0,0,1],"contentsRect":{"y":0,"x":0,"width":1,"height":1},"opacity":1,"edgeAntialiasingMask":251658240,"height":768,"hidden":false,"anchorPoint":{"pointX":0.5,"pointY":0.5}},"layers":[{"animations":[],"layers":[],"texturedRectangle":{"isBackgroundTexture":false,"singleTextureOpacity":1,"textureType":0,"textBaseline":0,"textXHeight":0,"isVerticalText":false},"initialState":{"affineTransform":[1,0,0,1,0,0],"masksToBounds":false,"rotation":0,"scale":1,"position":{"pointX":512,"pointY":384},"width":1024,"sublayerTransform":[1,0,0,0,0,1,0,0,0,0,1,0,0,0,0,1],"contentsRect":{"y":0,"x":0,"width":1,"height":1},"opacity":1,"edgeAntialiasingMask":0,"height":768,"hidden":false,"anchorPoint":{"pointX":0.5,"pointY":0.5}},"texture":"477A66B0286CDB27B1BCB98B89D4E062"},{"animations":[{"timeOffset":0,"from":{"scalar":false},"beginTime":0,"repeatCount":0,"fillMode":"both","property":"hidden","autoreverses":false,"duration":0.01,"to":{"scalar":true}}],"layers":[],"texturedRectangle":{"isBackgroundTexture":false,"singleTextureOpacity":1,"textureType":0,"textBaseline":0,"textXHeight":0,"isVerticalText":false},"initialState":{"affineTransform":[1,0,0,1,0,0],"masksToBounds":false,"rotation":0,"scale":1,"position":{"pointX":512,"pointY":384},"width":1024,"sublayerTransform":[1,0,0,0,0,1,0,0,0,0,1,0,0,0,0,1],"contentsRect":{"y":0,"x":0,"width":1,"height":1},"opacity":1,"edgeAntialiasingMask":0,"height":768,"hidden":false,"anchorPoint":{"pointX":0.5,"pointY":0.5}},"texture":"D18C41BBAE51A3B2109CBC91B4A52C15"}]}]},"effects":[],"duration":0.01,"type":"transition","name":"none","objectID":"0"}],"automaticPlay":false,"hyperlinks":[{"url":"https://www.google.com/url?q=https://www.google.com/url?q%3Dhttps://developer.mozilla.org/en-US/docs/Web/CSS/caret-color%26amp;sa%3DD%26amp;ust%3D1492496312734000%26amp;usg%3DAFQjCNEX-LDwDtpcM_QBS3sCl_8CItapcQ&sa=D&ust=1492496312761000&usg=AFQjCNFTyhvZcm2X1Xv6zdr87gAE8OiclQ","targetRectangle":{"y":238,"x":366.7420000000001,"width":85.16235,"height":22}},{"url":"https://www.google.com/url?q=https://www.google.com/url?q%3Dhttps://developer.mozilla.org/en-US/docs/Web/CSS/text-decoration-skip%26amp;sa%3DD%26amp;ust%3D1492496312735000%26amp;usg%3DAFQjCNFGbWg1YXYgGGg5ySq93xdgbH3ouQ&sa=D&ust=1492496312762000&usg=AFQjCNEXA6Tc8zHQV_y_SPp4P9B-RXyUGw","targetRectangle":{"y":238,"x":461.0078500000001,"width":191.44125,"height":22}},{"url":"https://www.google.com/url?q=https://www.google.com/url?q%3Dhttps://developer.mozilla.org/en-US/docs/Web/CSS/text-decoration%26amp;sa%3DD%26amp;ust%3D1492496312736000%26amp;usg%3DAFQjCNEOBkPspc6YVK-P8tHCaQgajDHo6w&sa=D&ust=1492496312762000&usg=AFQjCNEwxhyuiJek1ybPU8pNN1fRDMKzUA","targetRectangle":{"y":260,"x":330.84565,"width":120.04125,"height":22}},{"url":"https://www.chromestatus.com/features/5678767817097216","targetRectangle":{"y":483.4000020027161,"x":281.57965,"width":75.05924999999996,"height":57.70000100135803}},{"url":"http://remotedebug.org/","targetRectangle":{"y":651.1000030040741,"x":246.6829,"width":116.0606999999999,"height":22}}],"accessibility":[{"text":"В Chromium 57 и Opera 44 включили CSS Grid и WebAssembly — без флагов и этого вот всего. И ещё всякие прикольные CSS-свойства: caret-color, text-decoration-skip: ink (подчёркивание не перечёркивает нижние выносные элементы),  text-decoration (управление стилем и цветом подчёркивания)","targetRectangle":{"y":216,"x":79,"width":862.6012500000001,"height":66}},{"text":"Edge 15: кастомные свойства CSS, Brotli, Intersection Observer (!!!), async-await, экспериментальная поддержка WebAssembly:https://blogs.windows.com/msedgedev/2017/04/11/introducing-edgehtml-15/","targetRectangle":{"y":282,"x":79,"width":832.25625,"height":79.70000100135803}},{"text":"В Chrome появится режим работы без экрана","targetRectangle":{"y":393.700001001358,"x":225.2984,"width":573.4032000000002,"height":32}},{"text":"https://chromium.googlesource.com/chromium/src/+/lkgr/headless/README.md","targetRectangle":{"y":425.700001001358,"x":79,"width":639.3512999999999,"height":57.70000100135803}},{"text":"В Chrome 59 планируют добавить режим работы без вывода на экран (headless), который позволит запускать браузер на системах без монитора и графической подсистемы, например, на серверах. Режим будет активироваться через запуск с опцией \"--headless\". В качестве одной из областей применения называется возможность автоматизированной обработки страниц с использованием полноценной платформы Chromium, например, можно загрузить страницу, извлечь нужные элементы DOM и сохранить результат в виде картинки (или PDF). Для управления предлагается использовать протокол удалённой отладки (RemoteDebug). ","targetRectangle":{"y":483.4000020027161,"x":79,"width":869.9019000000002,"height":189.700001001358}},{"text":"Что там у браузеров","targetRectangle":{"y":84,"x":232.4300000000001,"width":559.1399999999999,"height":72}}],"baseLayer":{"animations":[],"initialState":{"affineTransform":[1,0,0,1,0,0],"masksToBounds":false,"rotation":0,"scale":1,"position":{"pointX":512,"pointY":384},"width":1024,"sublayerTransform":[1,0,0,0,0,1,0,0,0,0,1,0,0,0,0,1],"contentsRect":{"y":0,"x":0,"width":1,"height":1},"opacity":1,"edgeAntialiasingMask":251658240,"height":768,"hidden":false,"anchorPoint":{"pointX":0.5,"pointY":0.5}},"objectID":"0","layers":[{"animations":[],"initialState":{"affineTransform":[1,0,0,1,0,0],"masksToBounds":false,"rotation":0,"scale":1,"position":{"pointX":512,"pointY":384},"width":1024,"sublayerTransform":[1,0,0,0,0,1,0,0,0,0,1,-0.0004922987690640373,0,0,0,1],"contentsRect":{"y":0,"x":0,"width":1,"height":1},"opacity":1,"edgeAntialiasingMask":251658240,"height":768,"hidden":false,"anchorPoint":{"pointX":0.5,"pointY":0.5}},"layers":[{"animations":[],"layers":[],"texturedRectangle":{"isBackgroundTexture":false,"singleTextureOpacity":1,"textureType":0,"textBaseline":0,"textXHeight":0,"isVerticalText":false},"initialState":{"affineTransform":[1,0,0,1,0,0],"masksToBounds":false,"rotation":0,"scale":1,"position":{"pointX":512,"pointY":384},"width":1024,"sublayerTransform":[1,0,0,0,0,1,0,0,0,0,1,0,0,0,0,1],"contentsRect":{"y":0,"x":0,"width":1,"height":1},"opacity":1,"edgeAntialiasingMask":0,"height":768,"hidden":false,"anchorPoint":{"pointX":0.5,"pointY":0.5}},"texture":"D18C41BBAE51A3B2109CBC91B4A52C15"}]}]}}]}