{"assets":{"F15A22B8DF6A9CF518793934F09E40C4":{"type":"texture","index":0,"assetRequest":{"type":"slide","state":"contents","slide":"none"},"url":{"native":"assets/5BAD1102-F1C4-4576-8C18-2CB2B9537D63.pdf"},"width":1024,"height":768},"DB8451458D98EFA7506DBEBC2B1323F0":{"type":"texture","index":1,"assetRequest":{"type":"slide","state":"contents","slide":"none"},"url":{"native":"assets/5BAD1102-F1C4-4576-8C18-2CB2B9537D63.pdf"},"width":1024,"height":768}},"events":[{"effects":[{"beginTime":0,"baseLayer":{"animations":[],"initialState":{"affineTransform":[1,0,0,1,0,0],"masksToBounds":false,"rotation":0,"scale":1,"position":{"pointX":512,"pointY":384},"width":1024,"sublayerTransform":[1,0,0,0,0,1,0,0,0,0,1,0,0,0,0,1],"contentsRect":{"y":0,"x":0,"width":1,"height":1},"opacity":1,"edgeAntialiasingMask":251658240,"height":768,"hidden":false,"anchorPoint":{"pointX":0.5,"pointY":0.5}},"objectID":"0","layers":[{"animations":[],"initialState":{"affineTransform":[1,0,0,1,0,0],"masksToBounds":false,"rotation":0,"scale":1,"position":{"pointX":512,"pointY":384},"width":1024,"sublayerTransform":[1,0,0,0,0,1,0,0,0,0,1,-0.0004922987690640373,0,0,0,1],"contentsRect":{"y":0,"x":0,"width":1,"height":1},"opacity":1,"edgeAntialiasingMask":251658240,"height":768,"hidden":false,"anchorPoint":{"pointX":0.5,"pointY":0.5}},"layers":[{"animations":[],"layers":[],"texturedRectangle":{"isBackgroundTexture":false,"singleTextureOpacity":1,"textureType":0,"textBaseline":0,"textXHeight":0,"isVerticalText":false},"initialState":{"affineTransform":[1,0,0,1,0,0],"masksToBounds":false,"rotation":0,"scale":1,"position":{"pointX":512,"pointY":384},"width":1024,"sublayerTransform":[1,0,0,0,0,1,0,0,0,0,1,0,0,0,0,1],"contentsRect":{"y":0,"x":0,"width":1,"height":1},"opacity":1,"edgeAntialiasingMask":0,"height":768,"hidden":false,"anchorPoint":{"pointX":0.5,"pointY":0.5}},"texture":"DB8451458D98EFA7506DBEBC2B1323F0"},{"animations":[{"timeOffset":0,"from":{"scalar":false},"beginTime":0,"repeatCount":0,"fillMode":"both","property":"hidden","autoreverses":false,"duration":0.01,"to":{"scalar":true}}],"layers":[],"texturedRectangle":{"isBackgroundTexture":false,"singleTextureOpacity":1,"textureType":0,"textBaseline":0,"textXHeight":0,"isVerticalText":false},"initialState":{"affineTransform":[1,0,0,1,0,0],"masksToBounds":false,"rotation":0,"scale":1,"position":{"pointX":512,"pointY":384},"width":1024,"sublayerTransform":[1,0,0,0,0,1,0,0,0,0,1,0,0,0,0,1],"contentsRect":{"y":0,"x":0,"width":1,"height":1},"opacity":1,"edgeAntialiasingMask":0,"height":768,"hidden":false,"anchorPoint":{"pointX":0.5,"pointY":0.5}},"texture":"F15A22B8DF6A9CF518793934F09E40C4"}]}]},"effects":[],"duration":0.01,"type":"transition","name":"none","objectID":"0"}],"automaticPlay":false,"hyperlinks":[{"url":"https://frontendmasters.com/books/front-end-handbook/2017/","targetRectangle":{"y":154.0258124895096,"x":79,"width":421.460625,"height":16}},{"url":"https://www.youtube.com/playlist?list=PLkEZWD8wbltnRp6nRR8kv97RbpcUdNawY","targetRectangle":{"y":242.0258124895096,"x":79,"width":566.619375,"height":16}},{"url":"https://www.sitepen.com/blog/2017/03/21/the-5-features-of-es8-and-a-wishlist-for-es9/","targetRectangle":{"y":346.0258124895096,"x":79,"width":587.0893750000001,"height":16}},{"url":"https://gist.github.com/myshov/05800f083a0afce56e0f782314a103eb","targetRectangle":{"y":450.0258124895096,"x":79,"width":464.3196875000002,"height":16}},{"url":"https://chrome.google.com/webstore/detail/panda-5-news-inspiration/haafibkemckmbknhfkiiniobjpgkebko","targetRectangle":{"y":538.0258124895096,"x":79,"width":710.5131250000002,"height":16}},{"url":"http://cssgridgarden.com/","targetRectangle":{"y":626.0258124895096,"x":79,"width":174.900625,"height":16}},{"url":"http://jlongster.com/prettier-1.0","targetRectangle":{"y":718.0258124895096,"x":79,"width":215.2296875,"height":16}}],"accessibility":[{"text":"MOOOOAAARR","targetRectangle":{"y":18,"x":302.6000076293946,"width":436.8,"height":72}},{"text":"Front-End Developer Handbook 2017","targetRectangle":{"y":115.2578125,"x":79,"width":335.363359375,"height":38.76799998950958}},{"text":"https://frontendmasters.com/books/front-end-handbook/2017/","targetRectangle":{"y":154.0258124895096,"x":79,"width":421.460625,"height":16}},{"text":"Webpack 2 ","targetRectangle":{"y":202.0258124895096,"x":79,"width":101.2305566632748,"height":20}},{"text":"https://www.youtube.com/playlist?list=PLkEZWD8wbltnRp6nRR8kv97RbpcUdNawY","targetRectangle":{"y":242.0258124895096,"x":79,"width":566.619375,"height":16}},{"text":"The 5 features of ES8 and a wishlist for ES9","targetRectangle":{"y":306.0258124895096,"x":79,"width":382.3315109762549,"height":20}},{"text":"https://www.sitepen.com/blog/2017/03/21/the-5-features-of-es8-and-a-wishlist-for-es9/","targetRectangle":{"y":346.0258124895096,"x":79,"width":587.0893750000001,"height":16}},{"text":"11 Ways to Invoke a Function","targetRectangle":{"y":410.0258124895096,"x":79,"width":255.2482533361018,"height":20}},{"text":"https://gist.github.com/myshov/05800f083a0afce56e0f782314a103eb","targetRectangle":{"y":450.0258124895096,"x":79,"width":464.3196875000002,"height":16}},{"text":"Panda news","targetRectangle":{"y":498.0258124895096,"x":79,"width":105.3981831263006,"height":20}},{"text":"https://chrome.google.com/webstore/detail/panda-5-news-inspiration/haafibkemckmbknhfkiiniobjpgkebko","targetRectangle":{"y":538.0258124895096,"x":79,"width":710.5131250000002,"height":16}},{"text":"GRID GARDEN","targetRectangle":{"y":586.0258124895096,"x":79,"width":138.0134765625,"height":20}},{"text":"http://cssgridgarden.com/","targetRectangle":{"y":626.0258124895096,"x":79,"width":174.900625,"height":16}},{"text":"Prettier","targetRectangle":{"y":674.0258124895096,"x":79,"width":77.92148437499998,"height":22}},{"text":"http://jlongster.com/prettier-1.0","targetRectangle":{"y":718.0258124895096,"x":79,"width":215.2296875,"height":16}}],"baseLayer":{"animations":[],"initialState":{"affineTransform":[1,0,0,1,0,0],"masksToBounds":false,"rotation":0,"scale":1,"position":{"pointX":512,"pointY":384},"width":1024,"sublayerTransform":[1,0,0,0,0,1,0,0,0,0,1,0,0,0,0,1],"contentsRect":{"y":0,"x":0,"width":1,"height":1},"opacity":1,"edgeAntialiasingMask":251658240,"height":768,"hidden":false,"anchorPoint":{"pointX":0.5,"pointY":0.5}},"objectID":"0","layers":[{"animations":[],"initialState":{"affineTransform":[1,0,0,1,0,0],"masksToBounds":false,"rotation":0,"scale":1,"position":{"pointX":512,"pointY":384},"width":1024,"sublayerTransform":[1,0,0,0,0,1,0,0,0,0,1,-0.0004922987690640373,0,0,0,1],"contentsRect":{"y":0,"x":0,"width":1,"height":1},"opacity":1,"edgeAntialiasingMask":251658240,"height":768,"hidden":false,"anchorPoint":{"pointX":0.5,"pointY":0.5}},"layers":[{"animations":[],"layers":[],"texturedRectangle":{"isBackgroundTexture":false,"singleTextureOpacity":1,"textureType":0,"textBaseline":0,"textXHeight":0,"isVerticalText":false},"initialState":{"affineTransform":[1,0,0,1,0,0],"masksToBounds":false,"rotation":0,"scale":1,"position":{"pointX":512,"pointY":384},"width":1024,"sublayerTransform":[1,0,0,0,0,1,0,0,0,0,1,0,0,0,0,1],"contentsRect":{"y":0,"x":0,"width":1,"height":1},"opacity":1,"edgeAntialiasingMask":0,"height":768,"hidden":false,"anchorPoint":{"pointX":0.5,"pointY":0.5}},"texture":"F15A22B8DF6A9CF518793934F09E40C4"}]}]}}]}