{"assets":{"3C2D419B130F7F380B001CCE1BF5BD22":{"type":"texture","index":1,"assetRequest":{"type":"slide","state":"contents","slide":"none"},"url":{"native":"assets/D4E5630A-6F96-430C-B550-4A5B9D0450B9.pdf"},"width":1024,"height":768},"D1AE0C88822C936DA301CE8D4EFCEFB3":{"type":"texture","index":0,"assetRequest":{"type":"slide","state":"contents","slide":"none"},"url":{"native":"assets/D4E5630A-6F96-430C-B550-4A5B9D0450B9.pdf"},"width":1024,"height":768}},"events":[{"effects":[{"beginTime":0,"baseLayer":{"animations":[],"initialState":{"affineTransform":[1,0,0,1,0,0],"masksToBounds":false,"rotation":0,"scale":1,"position":{"pointX":512,"pointY":384},"width":1024,"sublayerTransform":[1,0,0,0,0,1,0,0,0,0,1,0,0,0,0,1],"contentsRect":{"y":0,"x":0,"width":1,"height":1},"opacity":1,"edgeAntialiasingMask":251658240,"height":768,"hidden":false,"anchorPoint":{"pointX":0.5,"pointY":0.5}},"objectID":"0","layers":[{"animations":[],"initialState":{"affineTransform":[1,0,0,1,0,0],"masksToBounds":false,"rotation":0,"scale":1,"position":{"pointX":512,"pointY":384},"width":1024,"sublayerTransform":[1,0,0,0,0,1,0,0,0,0,1,-0.0004922987690640373,0,0,0,1],"contentsRect":{"y":0,"x":0,"width":1,"height":1},"opacity":1,"edgeAntialiasingMask":251658240,"height":768,"hidden":false,"anchorPoint":{"pointX":0.5,"pointY":0.5}},"layers":[{"animations":[],"layers":[],"texturedRectangle":{"isBackgroundTexture":false,"singleTextureOpacity":1,"textureType":0,"textBaseline":0,"textXHeight":0,"isVerticalText":false},"initialState":{"affineTransform":[1,0,0,1,0,0],"masksToBounds":false,"rotation":0,"scale":1,"position":{"pointX":512,"pointY":384},"width":1024,"sublayerTransform":[1,0,0,0,0,1,0,0,0,0,1,0,0,0,0,1],"contentsRect":{"y":0,"x":0,"width":1,"height":1},"opacity":1,"edgeAntialiasingMask":0,"height":768,"hidden":false,"anchorPoint":{"pointX":0.5,"pointY":0.5}},"texture":"3C2D419B130F7F380B001CCE1BF5BD22"},{"animations":[{"timeOffset":0,"from":{"scalar":false},"beginTime":0,"repeatCount":0,"fillMode":"both","property":"hidden","autoreverses":false,"duration":0.01,"to":{"scalar":true}}],"layers":[],"texturedRectangle":{"isBackgroundTexture":false,"singleTextureOpacity":1,"textureType":0,"textBaseline":0,"textXHeight":0,"isVerticalText":false},"initialState":{"affineTransform":[1,0,0,1,0,0],"masksToBounds":false,"rotation":0,"scale":1,"position":{"pointX":512,"pointY":384},"width":1024,"sublayerTransform":[1,0,0,0,0,1,0,0,0,0,1,0,0,0,0,1],"contentsRect":{"y":0,"x":0,"width":1,"height":1},"opacity":1,"edgeAntialiasingMask":0,"height":768,"hidden":false,"anchorPoint":{"pointX":0.5,"pointY":0.5}},"texture":"D1AE0C88822C936DA301CE8D4EFCEFB3"}]}]},"effects":[],"duration":0.01,"type":"transition","name":"none","objectID":"0"}],"automaticPlay":false,"hyperlinks":[{"url":"https://facebook.github.io/react/blog/2017/04/07/react-v15.5.0.html","targetRectangle":{"y":220.09375,"x":79,"width":519.5691015624999,"height":19}},{"url":"https://elrumordelaluz.github.io/reactour/","targetRectangle":{"y":351.09375,"x":79,"width":320.2925,"height":19}},{"url":"https://medium.com/@kentcdodds/introducing-glamorous-fb3c9f4ed20e","targetRectangle":{"y":442.09375,"x":79,"width":551.4987499999999,"height":19}},{"url":"https://microsoft.github.io/reactxp/","targetRectangle":{"y":556.09375,"x":79,"width":270.6958203125,"height":19}},{"url":"https://blog.twitter.com/2017/how-we-built-twitter-lite","targetRectangle":{"y":651.09375,"x":79,"width":415.2568750000002,"height":19}}],"accessibility":[{"text":"React v15.5.0","targetRectangle":{"y":180.09375,"x":79,"width":124.92046875,"height":21}},{"text":"https://facebook.github.io/react/blog/2017/04/07/react-v15.5.0.html","targetRectangle":{"y":220.09375,"x":79,"width":519.5691015624999,"height":19}},{"text":"кратко рассказать что выпилили","targetRectangle":{"y":258.09375,"x":79,"width":256.71078125,"height":19}},{"text":"Reactour - интерактивный гид по компонентам React","targetRectangle":{"y":309.09375,"x":79,"width":530.3705859375,"height":21}},{"text":"https://elrumordelaluz.github.io/reactour/","targetRectangle":{"y":351.09375,"x":79,"width":320.2925,"height":19}},{"text":"glamorous","targetRectangle":{"y":402.09375,"x":79,"width":101.8836328125,"height":21}},{"text":"https://medium.com/@kentcdodds/introducing-glamorous-fb3c9f4ed20e","targetRectangle":{"y":442.09375,"x":79,"width":551.4987499999999,"height":19}},{"text":"https://twitter.com/andrey_sitnik/status/853965540196483072","targetRectangle":{"y":461.09375,"x":79,"width":482.3409765625001,"height":19}},{"text":"ReactXP","targetRectangle":{"y":514.09375,"x":79,"width":81.37335937500001,"height":21}},{"text":"https://microsoft.github.io/reactxp/","targetRectangle":{"y":556.09375,"x":79,"width":270.6958203125,"height":19}},{"text":"How we built Twitter Lite","targetRectangle":{"y":609.09375,"x":79,"width":241.6476562500001,"height":21}},{"text":"https://blog.twitter.com/2017/how-we-built-twitter-lite","targetRectangle":{"y":651.09375,"x":79,"width":415.2568750000002,"height":19}},{"text":"https://medium.com/@paularmstrong/twitter-lite-and-high-performance-react-progressive-web-apps-at-scale-d28a00e780a3","targetRectangle":{"y":670.09375,"x":79,"width":830.51375,"height":38}},{"text":"React","targetRectangle":{"y":72,"x":442.61,"width":156.78,"height":72}}],"baseLayer":{"animations":[],"initialState":{"affineTransform":[1,0,0,1,0,0],"masksToBounds":false,"rotation":0,"scale":1,"position":{"pointX":512,"pointY":384},"width":1024,"sublayerTransform":[1,0,0,0,0,1,0,0,0,0,1,0,0,0,0,1],"contentsRect":{"y":0,"x":0,"width":1,"height":1},"opacity":1,"edgeAntialiasingMask":251658240,"height":768,"hidden":false,"anchorPoint":{"pointX":0.5,"pointY":0.5}},"objectID":"0","layers":[{"animations":[],"initialState":{"affineTransform":[1,0,0,1,0,0],"masksToBounds":false,"rotation":0,"scale":1,"position":{"pointX":512,"pointY":384},"width":1024,"sublayerTransform":[1,0,0,0,0,1,0,0,0,0,1,-0.0004922987690640373,0,0,0,1],"contentsRect":{"y":0,"x":0,"width":1,"height":1},"opacity":1,"edgeAntialiasingMask":251658240,"height":768,"hidden":false,"anchorPoint":{"pointX":0.5,"pointY":0.5}},"layers":[{"animations":[],"layers":[],"texturedRectangle":{"isBackgroundTexture":false,"singleTextureOpacity":1,"textureType":0,"textBaseline":0,"textXHeight":0,"isVerticalText":false},"initialState":{"affineTransform":[1,0,0,1,0,0],"masksToBounds":false,"rotation":0,"scale":1,"position":{"pointX":512,"pointY":384},"width":1024,"sublayerTransform":[1,0,0,0,0,1,0,0,0,0,1,0,0,0,0,1],"contentsRect":{"y":0,"x":0,"width":1,"height":1},"opacity":1,"edgeAntialiasingMask":0,"height":768,"hidden":false,"anchorPoint":{"pointX":0.5,"pointY":0.5}},"texture":"D1AE0C88822C936DA301CE8D4EFCEFB3"}]}]}}]}