{"autoplayTransitionDelay":5,"author":"","timestamp":"2017-1-18 17:4:3","loopSlideshow":0,"filename":"Новости для летучки 20 апреля","autoplayBuildDelay":2,"comment":"","title":"Новости для летучки 20 апреля","showMode":0,"creator":"Apple Keynote 7.1","slideList":["93E65A42-5170-4B28-9552-439AD7C0F49E","DBE80753-1727-4ECB-B3D5-F2C0BB713A85","E5432DFD-C616-48D9-8BF6-F96A67400BF7","2B0FD19D-CB5B-4325-AEAB-B0D9E02A89FD","CAA61874-BE5E-459C-9C07-81F15C1F5640","D4E5630A-6F96-430C-B550-4A5B9D0450B9","DC2DA5BC-F21D-4A3F-B574-4B6CB46445C0","3199AE2E-B0FC-4DA4-8995-A15BFFA3B794","5BAD1102-F1C4-4576-8C18-2CB2B9537D63"],"soundtrack":{"mode":0,"volume":1},"slideWidth":1024,"slideHeight":768,"slideCount":9,"majorVersion":1,"minorVersion":2,"fonts":["HelveticaNeue-Light","Helvetica","Georgia-Bold","Helvetica-Light","Helvetica-Oblique","Georgia","ArialMT","GillSans","SegoeUI","HelveticaNeue","Helvetica-Bold","TimesNewRomanPSMT"]}